USE CINEMAEXPRESS;

INSERT INTO Theater (theId, name, city, address)
VALUES
    ('T0001', 'Gopalan Cineams', 'Bengaluru', 'RR Nagar'),
    ('T0002', 'PVR', 'Bengaluru', 'Vega City Mall'),
    ('T0003', 'INOX', 'Bengaluru', 'Garuda Mall'),
    ('T0004', 'Cinepolis', 'Mumbai', 'Gandhi Nagar'),
    ('T0005', 'PVR', 'Pune', 'Maruthi Nagar'),
    ('T0006', 'Parthana Cinemas', 'Kochi', 'Port road'),
    ('T0007', 'RSS Theater', 'Kochi', 'MM Layout'),
    ('T0008', 'INOX', 'Kochi', 'Central Mall, KTR Road'),
    ('T0009', 'INOX', 'Bengaluru', 'Forum, Konanakunte Cross'),
    ('T0010', 'Cinipolis', 'Bengaluru', 'Binnipet Mall'),
    ('T0011', 'Swagath Poornima', 'Bengaluru', 'JC Road'),
    ('T0012', 'Sharadha Theater', 'Bengaluru', 'Nagarathpet'),
    ('T0013', 'MX Junction', 'Hyderabad', 'LIDO Mall'),
    ('T0014', 'Kamala Cinemas', 'Hyderabad', 'LPR Road, KP Nagar'),
    ('T0015', 'INOX', 'Hyderabad', 'NEXOX Mall'),
    ('T0016', 'INOX', 'Mumbai', 'NEXUS Mall'),
    ('T0017', 'Gandhi Theater', 'Mumbai', 'Central Complex'),
    ('T0018', 'HVM Cinemas', 'Mumbai', 'Ordoo Road, Rose Gardens'),
    ('T0019', 'Cinipolis', 'Mumbai', 'KPMC Mall'),
    ('T0020', 'Cinipolis', 'Delhi', 'Red Fort Road'),
    ('T0021', 'INOX', 'Delhi', 'Forum pheonix'),
    ('T0022', 'Bapuji Theater', 'Delhi', 'Kamal Nagar'),
    ('T0023', 'Balaji Theater', 'Delhi', 'Ramrastogi Road'),
    ('T0024', 'INOX', 'Delhi', 'LIDO Mall'),
    ('T0025', 'INOX', 'Pune', 'LIDO Mall'),
    ('T0026', 'Gopalan Cineams', 'Chandigarh', 'RR Nagar'),
    ('T0027', 'PVR', 'Chandigarh', 'Vega City Mall'),
    ('T0028', 'INOX', 'Chandigarh', 'Garud Mall'),
    ('T0029', 'INOX', 'Chennai', 'Garud Mall'),
    ('T0030', 'PVR', 'Chennai', 'APY Road'),
    ('T0031', 'Maruthi Theater', 'Chennai', 'PP Lane'),
    ('T0032', 'Suriya Theater', 'Chennai', 'Broodford road');

INSERT INTO Screen (screenId, theId, resolution)
VALUES
    ('S0001', 'T0001', '4D'),
    ('S0002', 'T0001', '3D'),
    ('S0003', 'T0002', '3D'),
    ('S0004', 'T0002', '4D'),
    ('S0005', 'T0003', '3D'),
    ('S0006', 'T0003', '4D'),
    ('S0007', 'T0004', '3D'),
    ('S0008', 'T0004', '4D'),
    ('S0009', 'T0005', '3D'),
    ('S0010', 'T0005', '3D'),
    ('S0011', 'T0005', '4D'),
    ('S0012', 'T0006', '3D'),
    ('S0013', 'T0006', '4D'),
    ('S0014', 'T0013', '3D'),
    ('S0015', 'T0013', '4D'),
    ('S0016', 'T0014', '3D'),
    ('S0017', 'T0014', '4D'),
    ('S0018', 'T0020', '3D'),
    ('S0019', 'T0020', '4D'),
    ('S0020', 'T0022', '3D'),
    ('S0021', 'T0022', '4D'),
    ('S0022', 'T0026', '3D'),
    ('S0023', 'T0026', '4D'),
    ('S0027', 'T0029', '3D'),
    ('S0028', 'T0029', '4D');

INSERT INTO Cast (castId, name, role, biolink)
VALUES 
('C0001', 'Srii Murali', 'Actor', 'https://en.wikipedia.org/wiki/Sriimurali'),
('C0002', 'Dr.Suri (Suresh Yallappa)', 'Director', 'https://in.bookmyshow.com/person/drsuri-suresh-yallappa/2040709'),
('C0003', 'Ajay Devgn', 'Actor', 'https://en.wikipedia.org/wiki/Ajay_Devgn'),
('C0004', 'Kareena Kapoor Khan', 'Actor', 'https://en.wikipedia.org/wiki/Kareena_Kapoor_Khan'),
('C0005', 'Ranveer Singh', 'Actor', 'https://en.wikipedia.org/wiki/Ranveer_Singh'),
('C0006', 'Rohit Shetty', 'Actor', 'https://en.wikipedia.org/wiki/Rohit_Shetty'),
('C0007', 'Vidya Balan', 'Actor', 'https://en.wikipedia.org/wiki/Vidya_Balan'),
('C0008', 'Anees Bazmee', 'Director', 'https://en.wikipedia.org/wiki/Anees_Bazmee'),
('C0009', 'Kartik Aaryan', 'Actor', 'https://en.wikipedia.org/wiki/Kartik_Aaryan'),
('C0010', 'Jayam Ravi', 'Actor', 'https://en.wikipedia.org/wiki/Jayam_Ravi'),
('C0011', 'Rajesh Muthukumarasa', 'Director', 'https://en.wikipedia.org/wiki/Jayam_Ravi'),
('C0012', 'Pedro Pascal', 'Actor', 'https://en.wikipedia.org/wiki/Pedro_Pascal'),
('C0013', 'Chris Sanders', 'Director', 'https://en.wikipedia.org/wiki/Chris_Sanders'),
('C0014', 'Prakash Raj', 'Actor', 'https://en.wikipedia.org/wiki/Prakash_Raj'),
('C0015', 'Rukmini Vasanth', 'Actor', 'https://en.wikipedia.org/wiki/Rukmini_Vasant'),
('C0016', 'Vijay Kiragandur', 'Director', 'https://en.wikipedia.org/wiki/Hombale_Films'),
('C0017', 'Jyoti Deshpande', 'Director', 'https://en.wikipedia.org/wiki/Jyoti_Deshpande'),
('C0018', 'Tripti Dimri', 'Actor', 'https://en.wikipedia.org/wiki/Triptii_Dimri'),
('C0019', 'Bhushan Kumar', 'Director', 'https://en.wikipedia.org/wiki/Bhushan_Kumar'),
('C0020', 'Priyanka Arul Mohan', 'Actor', 'https://en.wikipedia.org/wiki/Priyanka_Mohan'),
('C0021', 'Bhumika Chawla', 'Actor', 'https://en.wikipedia.org/wiki/Bhumika_Chawla'),
('C0022', 'Harris Jayaraj', 'Director', 'https://en.wikipedia.org/wiki/Harris_Jayaraj'),
('C0023', 'Lupita Nyongo', 'Actor', 'https://en.wikipedia.org/wiki/Lupita_Nyong'),
('C0024', 'Catherine O Hara', 'Actor', 'https://en.wikipedia.org/wiki/Catherine_O%27Hara'),
('C0025', 'Kris Bowers', 'Director', 'https://en.wikipedia.org/wiki/Kris_Bowers'),
('C0026', 'Dulquer Salmaan', 'Actor', 'https://en.wikipedia.org/wiki/Dulquer_Salmaan'),
('C0027', 'Meenakshi Choudhary', 'Actor', 'https://en.wikipedia.org/wiki/Meenakshi_Chaudhary'),
('C0028', 'Venky Atluri', 'Director', 'https://en.wikipedia.org/wiki/Venky_Atluri'),
('C0029', 'Sivakarthikeyan', 'Actor', 'https://en.wikipedia.org/wiki/Sivakarthikeyan'),
('C0030', 'Sai Pallavi', 'Actor', 'https://en.wikipedia.org/wiki/Sai_Pallavi'),
('C0031', 'Rajkumar Periasamy', 'Director', 'https://en.wikipedia.org/wiki/Rajkumar_Periasamy'),
('C0032', 'Tom Hardy', 'Actor', 'https://en.wikipedia.org/wiki/Tom_Hardy'),
('C0033', 'Juno Temple', 'Actor', 'https://en.wikipedia.org/wiki/Juno_Temple'),
('C0034', 'Tom Hardy', 'Director', 'https://en.wikipedia.org/wiki/Tom_Hardy');

INSERT INTO Movie (movieId, title, description, duration, ageRating, rating, ratingCount, pubYear) VALUES
('M0001', 'Bagheera', 'The countdown to justice begins.', '2h 38m', 'UA+', 4.6, 6, 2024),
('M0002', 'Singham Again', 'In the third installment of Singham series, the valiant cop Bajirao Singham and his team of brave hearts embark on a cross-border mission to rescue his beloved wife, Avni Singham, who has been abducted by a formidable antagonist. Upholding its legacy of never letting you down-never has, never will-this installment promises a fierce battle between good and evil. This timeless struggle will once again be fought through the indomitable spirit of Bajirao Singham. The legendary roar that began 13 years ago continues to resonate in the hearts of the audience.', '2h 24m', 'UA+', 3.5, 6, 2024),
('M0003', 'Bhool Bhulaiyaa 3', 'Gear up to tickle your funny bones with some thrill. The gates of `haveli` will now open again for Bhool Bhulaiyaa 3!', '2h 36m', 'UA+', 3.1, 1, 2024),
('M0004', 'Brother', 'Get ready for a family entertainer packed with emotions, action, and heartwarming moments.', '2h 21m', 'UA+', 3.6, 5, 2024),
('M0005', 'The Wild Robot', 'Shipwrecked on a deserted island, a robot named Roz must learn to adapt to its new surroundings. Building relationships with the native animals, Roz soon develops a parental bond with an orphaned gosling.', '1h 41m', 'U+', 4.7, 4, 2024),
('M0006', 'Lucky Baskhar', 'Gear up to witness the extra-ordinary tale of Lucky Bhaskar.', '2h 30m', 'UA+', 4.7, 10, 2024),
('M0007', 'Amaran', 'Amaran is a true-life story of Major Mukund Varadarajan (Sivakarthikeyan), a commissioned officer in the Indian Army`s Rajput Regiment, who was posthumously awarded the Ashok Chakra for his valor during a counterterrorism operation while on deputation to the 44th Rashtriya Rifles battalion in Jammu and Kashmir.', '2h 49m', 'UA+', 4.6, 9, 2024),
('M0008', 'Venom: The Last Dance', 'Eddie and Venom are on the run. Hunted by both of their worlds and with the net closing in, the duo are forced into a devastating decision that will bring the curtains down on Venom and Eddie`s last dance.', '1h 50m', 'UA+', 4, 59, 2024);

INSERT INTO HostMovie (theId, screenId, movieId, showtime, cost) VALUES
('T0001', 'S0001', 'M0001', '10:00', 150),
('T0001', 'S0001', 'M0001', '12:00', 150),
('T0001', 'S0001', 'M0001', '14:00', 150),
('T0001', 'S0001', 'M0001', '16:00', 150),
('T0001', 'S0001', 'M0001', '19:00', 150),
('T0001', 'S0001', 'M0002', '19:00', 150),
('T0001', 'S0001', 'M0003', '11:00', 150),
('T0001', 'S0001', 'M0003', '14:00', 150),
('T0001', 'S0001', 'M0003', '17:00', 150),
('T0001', 'S0001', 'M0003', '18:00', 150),
('T0001', 'S0001', 'M0004', '10:00', 250),
('T0001', 'S0001', 'M0004', '12:00', 250),
('T0001', 'S0001', 'M0004', '14:00', 250),
('T0001', 'S0001', 'M0004', '16:00', 250),
('T0001', 'S0001', 'M0005', '19:00', 200),
('T0001', 'S0001', 'M0006', '21:00', 200),
('T0001', 'S0001', 'M0007', '15:00', 200),
('T0001', 'S0002', 'M0004', '15:00', 200),
('T0001', 'S0002', 'M0005', '18:00', 200),
('T0001', 'S0002', 'M0008', '13:00', 200),
('T0002', 'S0003', 'M0001', '10:00', 150),
('T0004', 'S0001', 'M0005', '13:00', 300),
('T0004', 'S0001', 'M0006', '16:00', 300),
('T0004', 'S0001', 'M0007', '21:00', 300),
('T0004', 'S0001', 'M0008', '09:00', 300),
('T0004', 'S0003', 'M0001', '10:00', 150);

INSERT INTO MovieCast (movieId, castId) VALUES
('M0001', 'C0001'),
('M0001', 'C0002'),
('M0001', 'C0014'),
('M0001', 'C0015'),
('M0001', 'C0016'),
('M0002', 'C0003'),
('M0002', 'C0004'),
('M0002', 'C0005'),
('M0002', 'C0006'),
('M0002', 'C0017'),
('M0003', 'C0007'),
('M0003', 'C0008'),
('M0003', 'C0009'),
('M0003', 'C0018'),
('M0003', 'C0019'),
('M0004', 'C0010'),
('M0004', 'C0011'),
('M0004', 'C0020'),
('M0004', 'C0021'),
('M0004', 'C0022'),
('M0005', 'C0012'),
('M0005', 'C0013'),
('M0005', 'C0023'),
('M0005', 'C0024'),
('M0005', 'C0025'),
('M0006', 'C0026'),
('M0006', 'C0027'),
('M0006', 'C0028'),
('M0007', 'C0029'),
('M0007', 'C0030'),
('M0007', 'C0031'),
('M0008', 'C0032'),
('M0008', 'C0033'),
('M0008', 'C0034');

INSERT INTO MovieGenre (movieId, genreName) VALUES
('M0001', 'Drama'),
('M0001', 'Action'),
('M0002', 'Action'),
('M0003', 'Comedy'),
('M0003', 'Horror'),
('M0004', 'Comedy'),
('M0004', 'Drama'),
('M0005', 'Animation'),
('M0006', 'Drama'),
('M0006', 'Crime'),
('M0007', 'Drama'),
('M0007', 'Action'),
('M0008', 'Action'),
('M0008', 'Thriller');

INSERT INTO MovieLang (movieId, lang) VALUES
('M0001', 'Hindi'),
('M0001', 'Kannada'),
('M0001', 'Tamil'),
('M0002', 'Hindi'),
('M0003', 'Hindi'),
('M0004', 'Tamil'),
('M0005', 'English'),
('M0006', 'Hindi'),
('M0006', 'Telugu'),
('M0007', 'Hindi'),
('M0007', 'Telugu'),
('M0007', 'Tamil'),
('M0008', 'English'),
('M0008', 'Hindi'),
('M0008', 'Telugu'),
('M0008', 'Tamil');
